"","site","PFT","Lat","Lon","model","R2","RMSE","RPE"
"1","CA-TP1","ENF","42.6609","-80.5595","VPM","0.515696416608319","3.73929669975743","0.653883666298247"
"2","CA-TP1","ENF","42.6609","-80.5595","GLO_PEM","0.577622413372489","3.21844212037178","0.623864124260423"
"3","CA-TP1","ENF","42.6609","-80.5595","EC_LUE","0.657177235165736","1.9795416695075","0.275264057781224"
"4","CA-TP1","ENF","42.6609","-80.5595","CHJ","0.51231745399351","2.90703488888874","0.826862903397947"
"5","CA-TP1","ENF","42.6609","-80.5595","C_Fix","0.501865413230808","7.77251676362438","1.81568044699972"
"6","CA-TP1","ENF","42.6609","-80.5595","MODIS","0.509286541024197","2.37080482174641","0.378355373599129"
"7","CA-TP1","ENF","42.6609","-80.5595","RF","0.674341699142557","1.27220782940736","0.000973293955823036"
"8","CA-TP1","ENF","42.6609","-80.5595","SVM","0.67597767213945","1.27590730039376","-0.0306689374510537"
"9","CA-TP1","ENF","42.6609","-80.5595","BMA","0.66817464673443","1.28451789128024","0.000530106007928169"
"10","CA-TP3","ENF","42.7068","-80.3483","VPM","0.716271132163332","4.29445559839126","0.527909218597409"
"11","CA-TP3","ENF","42.7068","-80.3483","GLO_PEM","0.771113125518301","2.96752757981385","0.322853412511946"
"12","CA-TP3","ENF","42.7068","-80.3483","EC_LUE","0.769078191451393","2.21374269584804","0.128238743566678"
"13","CA-TP3","ENF","42.7068","-80.3483","CHJ","0.607072060970303","5.73022799489092","1.11065451746786"
"14","CA-TP3","ENF","42.7068","-80.3483","C_Fix","0.689521992147922","7.61559148555954","1.15726975793986"
"15","CA-TP3","ENF","42.7068","-80.3483","MODIS","0.702028493552028","1.84285975387653","0.0353249440480322"
"16","CA-TP3","ENF","42.7068","-80.3483","RF","0.823998658955813","1.37984869808946","-0.00250428799607958"
"17","CA-TP3","ENF","42.7068","-80.3483","SVM","0.823699142412489","1.38934126784031","-0.0305302724702353"
"18","CA-TP3","ENF","42.7068","-80.3483","BMA","0.795508184017702","1.49062889706453","6.75436744489512e-05"
"19","CA-TP4","ENF","42.7102","-80.3574","VPM","0.802261651774734","3.52624989767266","0.447556274050861"
"20","CA-TP4","ENF","42.7102","-80.3574","GLO_PEM","0.827186359134973","2.41696119946919","0.244926128729382"
"21","CA-TP4","ENF","42.7102","-80.3574","EC_LUE","0.807070309664267","2.04821913314272","0.124796858868932"
"22","CA-TP4","ENF","42.7102","-80.3574","CHJ","0.718679650225447","3.8534364799552","0.728020569568488"
"23","CA-TP4","ENF","42.7102","-80.3574","C_Fix","0.765122566469214","6.84350531929386","1.07279137544011"
"24","CA-TP4","ENF","42.7102","-80.3574","MODIS","0.797731911234506","1.71371403121546","0.0501406550451062"
"25","CA-TP4","ENF","42.7102","-80.3574","RF","0.8903595687494","1.24590015842933","0.00450981294245437"
"26","CA-TP4","ENF","42.7102","-80.3574","SVM","0.887276605086805","1.26911037157427","-0.0220427737510344"
"27","CA-TP4","ENF","42.7102","-80.3574","BMA","0.863209558531113","1.39325337746392","-6.00718325676237e-05"
"28","CH-Cha","GRA","47.2102","8.4104","VPM","0.6399000326392","4.12316670117637","-0.285727734923484"
"29","CH-Cha","GRA","47.2102","8.4104","GLO_PEM","0.659260312976709","3.95275816781071","-0.247740949876848"
"30","CH-Cha","GRA","47.2102","8.4104","EC_LUE","0.691217993849772","3.88388579689573","-0.131738320672816"
"31","CH-Cha","GRA","47.2102","8.4104","CHJ","0.573328337972093","5.87438438384513","0.462533929028437"
"32","CH-Cha","GRA","47.2102","8.4104","C_Fix","0.617670222186409","6.1876719887195","0.192244370285148"
"33","CH-Cha","GRA","47.2102","8.4104","MODIS","0.616841340437147","4.49668024441728","-0.424747416841924"
"34","CH-Cha","GRA","47.2102","8.4104","RF","0.784429165385358","2.31846614339909","-0.000532158987868378"
"35","CH-Cha","GRA","47.2102","8.4104","SVM","0.795619902888979","2.26368314051668","0.0102572177085535"
"36","CH-Cha","GRA","47.2102","8.4104","BMA","0.73979649903791","2.54611855906903","0.000381297101206277"
"37","CH-Dav","ENF","46.8153","9.8559","VPM","0.460476798612889","2.36122148877903","-0.312089648914815"
"38","CH-Dav","ENF","46.8153","9.8559","GLO_PEM","0.485651943532333","2.28148286919222","-0.280929919498438"
"39","CH-Dav","ENF","46.8153","9.8559","EC_LUE","0.516474351082888","2.42191799102131","-0.129133220268111"
"40","CH-Dav","ENF","46.8153","9.8559","CHJ","0.633650223147168","1.90005073911515","0.172121448399764"
"41","CH-Dav","ENF","46.8153","9.8559","C_Fix","0.409619638355315","3.04827479136943","-0.0812049569007093"
"42","CH-Dav","ENF","46.8153","9.8559","MODIS","0.510242719986001","2.11285822827073","-0.356695426195328"
"43","CH-Dav","ENF","46.8153","9.8559","RF","0.733471640772281","1.15838836671198","0.00267561563202969"
"44","CH-Dav","ENF","46.8153","9.8559","SVM","0.727242322566319","1.17732369215982","-0.0357253442229017"
"45","CH-Dav","ENF","46.8153","9.8559","BMA","0.653916523481873","1.31681945371334","0.000588596822700419"
"46","CH-Fru","GRA","47.1158","8.5378","VPM","0.653400892829581","3.44949106086377","-0.361344281189556"
"47","CH-Fru","GRA","47.1158","8.5378","GLO_PEM","0.64393177516751","3.38302061457291","-0.313649763163809"
"48","CH-Fru","GRA","47.1158","8.5378","EC_LUE","0.680660627977667","3.19840205672688","-0.174882447722442"
"49","CH-Fru","GRA","47.1158","8.5378","CHJ","0.698190524918884","3.1290515814907","0.255694943826275"
"50","CH-Fru","GRA","47.1158","8.5378","C_Fix","0.611657721658621","4.02649230913198","-0.0152391435038248"
"51","CH-Fru","GRA","47.1158","8.5378","MODIS","0.625094937493663","3.64744241508859","-0.385473334657077"
"52","CH-Fru","GRA","47.1158","8.5378","RF","0.817575020804314","2.0358387140274","0.00280210375581179"
"53","CH-Fru","GRA","47.1158","8.5378","SVM","0.830278917984872","1.96851222320366","-0.0169546237312001"
"54","CH-Fru","GRA","47.1158","8.5378","BMA","0.792203793812658","2.17210298316564","-0.000486064671799906"
"55","CZ-BK1","ENF","49.5021","18.5369","VPM","0.632389477943949","3.12775785937951","-0.25832631127947"
"56","CZ-BK1","ENF","49.5021","18.5369","GLO_PEM","0.641953476382725","3.14593658272972","-0.294111932913321"
"57","CZ-BK1","ENF","49.5021","18.5369","EC_LUE","0.666986936773719","3.4262895728967","-0.396993954563492"
"58","CZ-BK1","ENF","49.5021","18.5369","CHJ","0.57972305879702","3.06607689420413","0.252173793149543"
"59","CZ-BK1","ENF","49.5021","18.5369","C_Fix","0.555986725288424","4.63442334919521","0.0822839901175043"
"60","CZ-BK1","ENF","49.5021","18.5369","MODIS","0.428529413620067","3.52757553133928","-0.300628610926823"
"61","CZ-BK1","ENF","49.5021","18.5369","RF","0.83024307648069","1.59387176955572","0.00615417491737214"
"62","CZ-BK1","ENF","49.5021","18.5369","SVM","0.837226745526946","1.56297307739649","-0.01978417114785"
"63","CZ-BK1","ENF","49.5021","18.5369","BMA","0.777696097529331","1.82689652383848","0.00149968657163667"
"64","DE-Geb","CRO","51.0997","10.9146","VPM","0.705008445862004","2.96347011089006","-0.315693657649493"
"65","DE-Geb","CRO","51.0997","10.9146","GLO_PEM","0.667392960008753","2.99236477093066","-0.224241531122802"
"66","DE-Geb","CRO","51.0997","10.9146","EC_LUE","0.749075258606799","2.45971249995185","-0.0837424384959053"
"67","DE-Geb","CRO","51.0997","10.9146","CHJ","0.526881158885526","4.6521750082054","1.02115830807235"
"68","DE-Geb","CRO","51.0997","10.9146","C_Fix","0.612762576977621","3.97284795167311","0.46390474786191"
"69","DE-Geb","CRO","51.0997","10.9146","MODIS","0.541813841030774","3.6786268595596","-0.274038242419586"
"70","DE-Geb","CRO","51.0997","10.9146","RF","0.854567741763718","1.8605979949418","0.00442099212919873"
"71","DE-Geb","CRO","51.0997","10.9146","SVM","0.854396470820379","1.85801691784399","0.0103611637183745"
"72","DE-Geb","CRO","51.0997","10.9146","BMA","0.811772551024876","2.11446720848258","-0.000451567662450521"
"73","DE-Gri","GRA","50.95","13.5126","VPM","0.69304256334258","2.67725713618542","-0.0141116164214889"
"74","DE-Gri","GRA","50.95","13.5126","GLO_PEM","0.694168291056099","2.41658182507217","-0.115107222366873"
"75","DE-Gri","GRA","50.95","13.5126","EC_LUE","0.746877865423142","3.16454990140266","0.221839910651616"
"76","DE-Gri","GRA","50.95","13.5126","CHJ","0.626167951806017","6.39611343314008","1.16611958918499"
"77","DE-Gri","GRA","50.95","13.5126","C_Fix","0.636457189601906","5.76500782699385","0.652394693552265"
"78","DE-Gri","GRA","50.95","13.5126","MODIS","0.655855803988147","2.42256133419175","-0.103957078522549"
"79","DE-Gri","GRA","50.95","13.5126","RF","0.828379043458499","1.64883323177152","0.00587671582300874"
"80","DE-Gri","GRA","50.95","13.5126","SVM","0.843797656487291","1.57202341301292","0.00310302155819951"
"81","DE-Gri","GRA","50.95","13.5126","BMA","0.815148498109806","1.70976713723583","0.000939136733215689"
"82","DE-Hai","DBF","51.0792","10.4522","VPM","0.753972537394623","2.62529381661989","-0.155757988149036"
"83","DE-Hai","DBF","51.0792","10.4522","GLO_PEM","0.731328201401281","2.70398430935841","-0.111072623441295"
"84","DE-Hai","DBF","51.0792","10.4522","EC_LUE","0.652382413063455","3.19965310762195","-0.244833968664573"
"85","DE-Hai","DBF","51.0792","10.4522","CHJ","0.723498272162396","4.15024707928818","0.679810164632062"
"86","DE-Hai","DBF","51.0792","10.4522","C_Fix","0.698120269188839","3.9036425099983","0.229196139580535"
"87","DE-Hai","DBF","51.0792","10.4522","MODIS","0.699202438101025","3.43537268261559","-0.319231044832106"
"88","DE-Hai","DBF","51.0792","10.4522","RF","0.911115872085726","1.51280192752341","0.00384049687534161"
"89","DE-Hai","DBF","51.0792","10.4522","SVM","0.92066346547751","1.43033397395972","-0.0013177840083976"
"90","DE-Hai","DBF","51.0792","10.4522","BMA","0.847961648844322","1.97840568212363","-0.0003039503926015"
"91","DE-Kli","CRO","50.8931","13.5224","VPM","0.538008114956316","3.5428517007622","-0.485605153893099"
"92","DE-Kli","CRO","50.8931","13.5224","GLO_PEM","0.543680089962062","3.42215238682493","-0.424744356220005"
"93","DE-Kli","CRO","50.8931","13.5224","EC_LUE","0.603201687415671","2.94951575519321","-0.247667041657987"
"94","DE-Kli","CRO","50.8931","13.5224","CHJ","0.387365675006096","4.11173986082533","0.540319529166699"
"95","DE-Kli","CRO","50.8931","13.5224","C_Fix","0.510640130808611","3.69070238908913","0.128220908438172"
"96","DE-Kli","CRO","50.8931","13.5224","MODIS","0.531866724897401","3.39857778394527","-0.326573339089556"
"97","DE-Kli","CRO","50.8931","13.5224","RF","0.704005522344891","2.42761626296278","0.00234303567196176"
"98","DE-Kli","CRO","50.8931","13.5224","SVM","0.686133941945807","2.54807127862432","-0.116457393286005"
"99","DE-Kli","CRO","50.8931","13.5224","BMA","0.626581518674763","2.73749858932337","0.00543132039931425"
"100","DE-Tha","ENF","50.9626","13.5651","VPM","0.792474861407551","2.56570552664637","-0.0814320613740086"
"101","DE-Tha","ENF","50.9626","13.5651","GLO_PEM","0.805802230192137","2.36978290766892","-0.236593150272991"
"102","DE-Tha","ENF","50.9626","13.5651","EC_LUE","0.821083438152198","2.74790502809271","-0.351340964353955"
"103","DE-Tha","ENF","50.9626","13.5651","CHJ","0.698900591559709","7.24617473817001","1.10261778087089"
"104","DE-Tha","ENF","50.9626","13.5651","C_Fix","0.726517094783418","4.22525023047938","0.163263825693847"
"105","DE-Tha","ENF","50.9626","13.5651","MODIS","0.78167442669558","3.19152288577882","-0.393298115030479"
"106","DE-Tha","ENF","50.9626","13.5651","RF","0.906735460016705","1.35323523389005","0.00135805580256891"
"107","DE-Tha","ENF","50.9626","13.5651","SVM","0.907286686801607","1.35737782430704","-0.0157470908244351"
"108","DE-Tha","ENF","50.9626","13.5651","BMA","0.881348898747794","1.5267163569716","0.000207255189527833"
"109","DK-Sor","DBF","55.4859","11.6446","VPM","0.825852691874276","2.6760143246768","-0.22534343511422"
"110","DK-Sor","DBF","55.4859","11.6446","GLO_PEM","0.827986941840814","2.68828873159265","-0.221106717857461"
"111","DK-Sor","DBF","55.4859","11.6446","EC_LUE","0.816712242923684","2.92410461814846","-0.283439255604247"
"112","DK-Sor","DBF","55.4859","11.6446","CHJ","0.657593423872134","7.04263970418918","1.11601236474562"
"113","DK-Sor","DBF","55.4859","11.6446","C_Fix","0.781631745526062","3.02564896533827","0.00371633841680664"
"114","DK-Sor","DBF","55.4859","11.6446","MODIS","0.824156788585434","3.48959025794203","-0.316665723710599"
"115","DK-Sor","DBF","55.4859","11.6446","RF","0.92586849594425","1.55458457999965","-0.00286050884601359"
"116","DK-Sor","DBF","55.4859","11.6446","SVM","0.9293613613461","1.51691601589397","-0.00981486583570852"
"117","DK-Sor","DBF","55.4859","11.6446","BMA","0.88777105607129","1.9108708785421","0.000167945263706006"
"118","ES-LJu","OSH","36.9266","-2.7521","VPM","0.0332511112751826","2.20323654766848","3.11636570677069"
"119","ES-LJu","OSH","36.9266","-2.7521","GLO_PEM","0.0478910750795056","1.4323226601265","1.99518152572024"
"120","ES-LJu","OSH","36.9266","-2.7521","EC_LUE","0.324901577787488","0.895263811616703","1.27533525572954"
"121","ES-LJu","OSH","36.9266","-2.7521","CHJ","0.000227530404326319","1.3407386713022","2.11107764824883"
"122","ES-LJu","OSH","36.9266","-2.7521","C_Fix","0.0413920808670577","3.62516044125641","6.13552336694271"
"123","ES-LJu","OSH","36.9266","-2.7521","MODIS","0.311702055593853","1.06739089635185","2.04197358399388"
"124","ES-LJu","OSH","36.9266","-2.7521","RF","0.555743153221337","0.404692346371851","-0.00201627153439541"
"125","ES-LJu","OSH","36.9266","-2.7521","SVM","0.592083923214227","0.388226219275293","-0.0499285429110223"
"126","ES-LJu","OSH","36.9266","-2.7521","BMA","0.513177676111071","0.423382737690043","0.00140413068020228"
"127","FI-Hyy","ENF","61.8474","24.2948","VPM","0.77981214430285","2.35212561466869","0.0801871595540479"
"128","FI-Hyy","ENF","61.8474","24.2948","GLO_PEM","0.818952517169409","1.85255891721929","-0.000765604868062236"
"129","FI-Hyy","ENF","61.8474","24.2948","EC_LUE","0.864838893125021","1.3521470220067","-0.0959675566240741"
"130","FI-Hyy","ENF","61.8474","24.2948","CHJ","0.74750027207522","3.16977121859107","0.677884942553768"
"131","FI-Hyy","ENF","61.8474","24.2948","C_Fix","0.720949028029428","4.23270057060347","0.452310272543307"
"132","FI-Hyy","ENF","61.8474","24.2948","MODIS","0.788700487946126","1.57525979832928","0.0363049913209928"
"133","FI-Hyy","ENF","61.8474","24.2948","RF","0.924494864443724","0.93242336179182","0.00219366328251982"
"134","FI-Hyy","ENF","61.8474","24.2948","SVM","0.927740052610922","0.915401360749216","-0.00319557070863186"
"135","FI-Hyy","ENF","61.8474","24.2948","BMA","0.902563414156206","1.05945315102797","0.000112002903853666"
"136","FI-Sod","ENF","67.3624","26.6386","VPM","0.736815850962607","1.35995263802767","-0.438425664050629"
"137","FI-Sod","ENF","67.3624","26.6386","GLO_PEM","0.790768010712041","1.10123167185455","-0.286329552189663"
"138","FI-Sod","ENF","67.3624","26.6386","EC_LUE","0.777510448866999","1.3020239185508","-0.410561562423408"
"139","FI-Sod","ENF","67.3624","26.6386","CHJ","0.804146362052907","1.10829398708852","0.25088417128839"
"140","FI-Sod","ENF","67.3624","26.6386","C_Fix","0.699796325699866","1.43982679206456","-0.0850310309595441"
"141","FI-Sod","ENF","67.3624","26.6386","MODIS","0.757333367973508","1.2371171168953","-0.295386616569224"
"142","FI-Sod","ENF","67.3624","26.6386","RF","0.927010724727678","0.590182753601122","0.00119970004110968"
"143","FI-Sod","ENF","67.3624","26.6386","SVM","0.928504461242367","0.585030161511305","-0.0183750076928809"
"144","FI-Sod","ENF","67.3624","26.6386","BMA","0.881954383296419","0.749923862058918","0.000350864099504805"
"145","FR-Fon","DBF","48.4764","2.7801","VPM","0.791392975603686","2.71277608160132","0.108835511896461"
"146","FR-Fon","DBF","48.4764","2.7801","GLO_PEM","0.814152991344225","2.29203546427813","0.0933560729958113"
"147","FR-Fon","DBF","48.4764","2.7801","EC_LUE","0.840892954133809","2.23562129263314","0.103744495750249"
"148","FR-Fon","DBF","48.4764","2.7801","CHJ","0.644197469471358","7.68686224224674","1.38130929759903"
"149","FR-Fon","DBF","48.4764","2.7801","C_Fix","0.73884896270502","4.44547097810445","0.418321915749037"
"150","FR-Fon","DBF","48.4764","2.7801","MODIS","0.813714483105374","2.2149919938321","-0.0657017606876794"
"151","FR-Fon","DBF","48.4764","2.7801","RF","0.908341823803691","1.49152514570214","0.00140567450784681"
"152","FR-Fon","DBF","48.4764","2.7801","SVM","0.911799663031356","1.46669404023058","-0.0201411609481302"
"153","FR-Fon","DBF","48.4764","2.7801","BMA","0.870819438655669","1.77013024848686","0.00104389584167125"
"154","FR-Gri","CRO","48.8442","1.9519","VPM","0.491928774718082","3.85944485867204","-0.357475508233793"
"155","FR-Gri","CRO","48.8442","1.9519","GLO_PEM","0.57275974150089","3.63676084234359","-0.323034291515029"
"156","FR-Gri","CRO","48.8442","1.9519","EC_LUE","0.631316898970491","3.26597600587041","-0.255411501770523"
"157","FR-Gri","CRO","48.8442","1.9519","CHJ","0.292336636129129","7.47262202986832","1.45014192596514"
"158","FR-Gri","CRO","48.8442","1.9519","C_Fix","0.470941140373395","3.97829738494409","0.133134150970038"
"159","FR-Gri","CRO","48.8442","1.9519","MODIS","0.533452402035336","3.98339805709111","-0.372686910910243"
"160","FR-Gri","CRO","48.8442","1.9519","RF","0.735002003370261","2.57843827156842","0.00263923726940852"
"161","FR-Gri","CRO","48.8442","1.9519","SVM","0.725967221194936","2.62819177158963","-0.0299782116596582"
"162","FR-Gri","CRO","48.8442","1.9519","BMA","0.689984442750816","2.79401670426258","0.00116044389987007"
"163","FR-Pue","EBF","43.7413","3.5957","VPM","0.299547226947309","4.92255647876991","0.833250590105489"
"164","FR-Pue","EBF","43.7413","3.5957","GLO_PEM","0.414125985518047","2.95493608582721","0.414232120723404"
"165","FR-Pue","EBF","43.7413","3.5957","EC_LUE","0.731633616410902","1.99936332961503","0.241282942535169"
"166","FR-Pue","EBF","43.7413","3.5957","CHJ","0.163813579389256","4.51804374632361","1.13314113623497"
"167","FR-Pue","EBF","43.7413","3.5957","C_Fix","0.30491179519088","8.31482725780246","1.66263116031597"
"168","FR-Pue","EBF","43.7413","3.5957","MODIS","0.485810439615678","1.65832646809134","0.177088187546435"
"169","FR-Pue","EBF","43.7413","3.5957","RF","0.805864428539471","0.836975275364842","0.000177046211038044"
"170","FR-Pue","EBF","43.7413","3.5957","SVM","0.816908039869957","0.811469848032589","-0.0125871343996011"
"171","FR-Pue","EBF","43.7413","3.5957","BMA","0.754705019111623","0.939177239536836","0.000155166975809876"
"172","GF-Guy","EBF","5.2788","-52.9249","VPM","0.337777707162802","3.50978512927673","0.164284596643218"
"173","GF-Guy","EBF","5.2788","-52.9249","GLO_PEM","0.403571331114492","2.61362760368785","0.0936363097790978"
"174","GF-Guy","EBF","5.2788","-52.9249","EC_LUE","0.468094088271143","2.46445292298909","0.116977499588561"
"175","GF-Guy","EBF","5.2788","-52.9249","CHJ","0.0428929095629001","5.69704415061637","0.539041283230982"
"176","GF-Guy","EBF","5.2788","-52.9249","C_Fix","0.370117009505607","5.77091541158065","0.466173506080873"
"177","GF-Guy","EBF","5.2788","-52.9249","MODIS","0.0144817848223704","2.7085093815241","-0.125560164446183"
"178","GF-Guy","EBF","5.2788","-52.9249","RF","0.563207276955657","1.26138010770605","0.000773414985357113"
"179","GF-Guy","EBF","5.2788","-52.9249","SVM","0.568534358679844","1.25457982777707","-0.00328968877539376"
"180","GF-Guy","EBF","5.2788","-52.9249","BMA","0.480355808215511","1.38065582453021","0.000104727130142537"
"181","IT-BCi","CRO","40.5237","14.9574","VPM","0.495498706500453","3.96308470579382","-0.204884708278356"
"182","IT-BCi","CRO","40.5237","14.9574","GLO_PEM","0.56562442088692","3.76518442695585","-0.137136044269539"
"183","IT-BCi","CRO","40.5237","14.9574","EC_LUE","0.633193512006869","3.41005386660338","-0.0841482407005173"
"184","IT-BCi","CRO","40.5237","14.9574","CHJ","0.273386157346918","10.5258042357407","1.96157956011069"
"185","IT-BCi","CRO","40.5237","14.9574","C_Fix","0.389115142208869","4.85869377653827","0.434594442258821"
"186","IT-BCi","CRO","40.5237","14.9574","MODIS","0.221579660713751","4.93710290238145","-0.275426989019098"
"187","IT-BCi","CRO","40.5237","14.9574","RF","0.800511174500588","2.37124807711085","0.0054477835151392"
"188","IT-BCi","CRO","40.5237","14.9574","SVM","0.770602833249381","2.55146610806054","-0.0175299072288992"
"189","IT-BCi","CRO","40.5237","14.9574","BMA","0.68850858171011","2.971076015578","0.00157056453941837"
"190","IT-Col","DBF","41.8494","13.5881","VPM","0.837837350573003","3.03079995390624","0.296545099472963"
"191","IT-Col","DBF","41.8494","13.5881","GLO_PEM","0.814875609160686","2.6380135881887","0.205057366484956"
"192","IT-Col","DBF","41.8494","13.5881","EC_LUE","0.802099893499621","2.64400833820377","0.150021799079395"
"193","IT-Col","DBF","41.8494","13.5881","CHJ","0.713424861038761","4.50392957318818","0.761492673270653"
"194","IT-Col","DBF","41.8494","13.5881","C_Fix","0.760536048719739","6.45190180186095","0.810570018375848"
"195","IT-Col","DBF","41.8494","13.5881","MODIS","0.703565158910907","2.62200896587954","0.0114026177307768"
"196","IT-Col","DBF","41.8494","13.5881","RF","0.900122633423453","1.50394441399779","0.00173751804714346"
"197","IT-Col","DBF","41.8494","13.5881","SVM","0.91397990876614","1.40802731495945","-0.0213771780507103"
"198","IT-Col","DBF","41.8494","13.5881","BMA","0.897284292066552","1.5278334473112","-9.09899418154845e-05"
"199","IT-Lav","ENF","45.9562","11.2813","VPM","0.599242475836735","3.61993946674655","-0.272333963257835"
"200","IT-Lav","ENF","45.9562","11.2813","GLO_PEM","0.587659956824668","3.77512773175622","-0.36029532361255"
"201","IT-Lav","ENF","45.9562","11.2813","EC_LUE","0.571141952181317","4.20769524381922","-0.458103629396178"
"202","IT-Lav","ENF","45.9562","11.2813","CHJ","0.639947222148169","5.39339832402443","0.529255687175226"
"203","IT-Lav","ENF","45.9562","11.2813","C_Fix","0.506781412974301","4.21479447237059","-0.107453721936456"
"204","IT-Lav","ENF","45.9562","11.2813","MODIS","0.590263120126426","4.151656466861","-0.451737300351901"
"205","IT-Lav","ENF","45.9562","11.2813","RF","0.796842986448085","1.94922568271066","0.00247388909639112"
"206","IT-Lav","ENF","45.9562","11.2813","SVM","0.809258066583038","1.8931645136898","-0.0148983318139756"
"207","IT-Lav","ENF","45.9562","11.2813","BMA","0.742139090887125","2.19960234707751","0.000351693728875786"
"208","IT-MBo","GRA","46.0147","11.0458","VPM","0.712844431575459","2.7801742317521","-0.396408505076172"
"209","IT-MBo","GRA","46.0147","11.0458","GLO_PEM","0.681035285548544","2.60000670690702","-0.256762236338799"
"210","IT-MBo","GRA","46.0147","11.0458","EC_LUE","0.71701576322088","2.56137841511828","-0.0417987209661856"
"211","IT-MBo","GRA","46.0147","11.0458","CHJ","0.714038940766001","2.25709142807335","-0.00413504669795698"
"212","IT-MBo","GRA","46.0147","11.0458","C_Fix","0.662543405761715","3.27805072445326","0.157187165963605"
"213","IT-MBo","GRA","46.0147","11.0458","MODIS","0.740255439021695","2.38835776713707","-0.213829037882136"
"214","IT-MBo","GRA","46.0147","11.0458","RF","0.867738760187469","1.52487457819933","-0.00262013084062113"
"215","IT-MBo","GRA","46.0147","11.0458","SVM","0.881797734652065","1.43694696377481","-0.00387995371698841"
"216","IT-MBo","GRA","46.0147","11.0458","BMA","0.823954733972072","1.75462118973482","-0.000301913855092451"
"217","IT-Ren","ENF","46.5869","11.4337","VPM","0.645446060980664","2.55310721290852","-0.193052525140091"
"218","IT-Ren","ENF","46.5869","11.4337","GLO_PEM","0.619665746783424","2.69895984908272","-0.136446317135429"
"219","IT-Ren","ENF","46.5869","11.4337","EC_LUE","0.674256015702332","2.4116391962422","-0.295714257048657"
"220","IT-Ren","ENF","46.5869","11.4337","CHJ","0.699825439168879","2.30767238326126","0.171336691683325"
"221","IT-Ren","ENF","46.5869","11.4337","C_Fix","0.574384692062424","3.40425083170416","0.0699362046229316"
"222","IT-Ren","ENF","46.5869","11.4337","MODIS","0.687159726887812","2.46310099486331","-0.33842531540901"
"223","IT-Ren","ENF","46.5869","11.4337","RF","0.854315627501217","1.36831797452022","0.00122438016075638"
"224","IT-Ren","ENF","46.5869","11.4337","SVM","0.86045443482463","1.34378979832282","-0.0154903814845571"
"225","IT-Ren","ENF","46.5869","11.4337","BMA","0.796245260904649","1.61861447505495","6.2723130647874e-05"
"226","IT-SRo","ENF","43.7279","10.2844","VPM","0.622331866109894","3.50100318846963","0.269725667248484"
"227","IT-SRo","ENF","43.7279","10.2844","GLO_PEM","0.664600943650233","2.1377846357959","0.0189257624964163"
"228","IT-SRo","ENF","43.7279","10.2844","EC_LUE","0.63495085832054","2.10628342881313","-0.160412233076523"
"229","IT-SRo","ENF","43.7279","10.2844","CHJ","0.205170727660428","9.10294028542001","1.50548745212432"
"230","IT-SRo","ENF","43.7279","10.2844","C_Fix","0.542356378150002","7.94456337145138","0.842002767315833"
"231","IT-SRo","ENF","43.7279","10.2844","MODIS","0.625516561774889","1.95521709790553","-0.171143205663982"
"232","IT-SRo","ENF","43.7279","10.2844","RF","0.805397848668025","1.21087838359746","-0.00019996163378088"
"233","IT-SRo","ENF","43.7279","10.2844","SVM","0.784059930230805","1.2745119982451","-0.0091153652349974"
"234","IT-SRo","ENF","43.7279","10.2844","BMA","0.72545927697771","1.43507308248972","0.000741074854555954"
"235","NL-Hor","GRA","52.2403","5.0713","VPM","0.763883458546644","2.05878791469698","-0.153293687239013"
"236","NL-Hor","GRA","52.2403","5.0713","GLO_PEM","0.658557138442671","2.35935467164876","-0.206897002256315"
"237","NL-Hor","GRA","52.2403","5.0713","EC_LUE","0.481694652188549","3.29855738667974","-0.148893300567656"
"238","NL-Hor","GRA","52.2403","5.0713","CHJ","0.606301585144289","4.14095847875169","0.813954565169085"
"239","NL-Hor","GRA","52.2403","5.0713","C_Fix","0.748855377739223","4.20872960159644","0.425845683616899"
"240","NL-Hor","GRA","52.2403","5.0713","MODIS","0.740595839902387","1.91904169576445","-0.189460964109817"
"241","NL-Hor","GRA","52.2403","5.0713","RF","0.849525042330498","1.34221452412128","-0.000251796246493843"
"242","NL-Hor","GRA","52.2403","5.0713","SVM","0.843379342559005","1.39112690586876","-0.0592651008374186"
"243","NL-Hor","GRA","52.2403","5.0713","BMA","0.793363038029067","1.57358773377893","0.000629853515679673"
"244","NL-Loo","ENF","52.1666","5.7436","VPM","0.792637713734353","2.04638539638717","-0.0344876185366362"
"245","NL-Loo","ENF","52.1666","5.7436","GLO_PEM","0.827745691695855","1.63701864503426","-0.170430542296937"
"246","NL-Loo","ENF","52.1666","5.7436","EC_LUE","0.853389876892653","1.56472261882264","-0.206437911013589"
"247","NL-Loo","ENF","52.1666","5.7436","CHJ","0.520939858641358","5.13269078443846","0.931181603509807"
"248","NL-Loo","ENF","52.1666","5.7436","C_Fix","0.708748850447543","3.71654359224875","0.232102102870917"
"249","NL-Loo","ENF","52.1666","5.7436","MODIS","0.719217192081987","2.08119704728365","-0.24550725605413"
"250","NL-Loo","ENF","52.1666","5.7436","RF","0.907637537204181","0.981381321437129","-0.000266420645992171"
"251","NL-Loo","ENF","52.1666","5.7436","SVM","0.912256833253723","0.957886815191475","-0.00661742451297687"
"252","NL-Loo","ENF","52.1666","5.7436","BMA","0.882411878292696","1.10712124804069","6.5048139284191e-05"
"253","RU-Cok","OSH","70.8291","147.4943","VPM","0.479518734663175","1.6661613104878","-0.453016287830459"
"254","RU-Cok","OSH","70.8291","147.4943","GLO_PEM","0.420928325702191","1.87772757780375","-0.313270137466602"
"255","RU-Cok","OSH","70.8291","147.4943","EC_LUE","0.480469041840368","2.12888943554414","-0.0382440598265025"
"256","RU-Cok","OSH","70.8291","147.4943","CHJ","0.594707144825653","1.57734578371219","-0.495896754265853"
"257","RU-Cok","OSH","70.8291","147.4943","C_Fix","0.500929293185635","3.13885550682196","0.476693577453908"
"258","RU-Cok","OSH","70.8291","147.4943","MODIS","0.484083456567131","1.34258190479001","-0.0974179290394767"
"259","RU-Cok","OSH","70.8291","147.4943","RF","0.76070555204948","0.896081889461911","0.0046242466267495"
"260","RU-Cok","OSH","70.8291","147.4943","SVM","0.768564043414738","0.875579455651361","-0.00480589267855369"
"261","RU-Cok","OSH","70.8291","147.4943","BMA","0.693360432131404","1.02192441537118","-0.00026491593998418"
"262","RU-Fyo","ENF","56.4615","32.9221","VPM","0.728447669765015","2.54198621728675","-0.0649103162767364"
"263","RU-Fyo","ENF","56.4615","32.9221","GLO_PEM","0.740053318622991","2.33356921103577","-0.203291765344216"
"264","RU-Fyo","ENF","56.4615","32.9221","EC_LUE","0.772021284655903","2.39003604296793","-0.313781700994424"
"265","RU-Fyo","ENF","56.4615","32.9221","CHJ","0.763395980712241","7.3615939413316","1.37249152969601"
"266","RU-Fyo","ENF","56.4615","32.9221","C_Fix","0.646376840307426","4.02709063284014","0.202293640759684"
"267","RU-Fyo","ENF","56.4615","32.9221","MODIS","0.778600913071766","2.46053819200088","-0.317247905671896"
"268","RU-Fyo","ENF","56.4615","32.9221","RF","0.884617747832136","1.42555234111375","0.00428786772627694"
"269","RU-Fyo","ENF","56.4615","32.9221","SVM","0.897325383226252","1.34789215802054","-0.00258076904357519"
"270","RU-Fyo","ENF","56.4615","32.9221","BMA","0.860321818520892","1.5680577030028","0.00157662246753969"
"271","US-ARM","CRO","36.6058","-97.4888","VPM","0.284290895386976","2.89415518495793","0.566164192319889"
"272","US-ARM","CRO","36.6058","-97.4888","GLO_PEM","0.415067309370505","2.51223093555706","0.586132197604619"
"273","US-ARM","CRO","36.6058","-97.4888","EC_LUE","0.65500464470491","1.82507503045231","0.379750786189262"
"274","US-ARM","CRO","36.6058","-97.4888","CHJ","0.114770118747975","8.16306402801974","3.40804466109838"
"275","US-ARM","CRO","36.6058","-97.4888","C_Fix","0.385118006521628","4.5938270940187","1.62916085272664"
"276","US-ARM","CRO","36.6058","-97.4888","MODIS","0.426628453437379","2.09651233633442","-0.0791892960951285"
"277","US-ARM","CRO","36.6058","-97.4888","RF","0.721532014995971","1.41284750027161","0.00352117330562539"
"278","US-ARM","CRO","36.6058","-97.4888","SVM","0.730303667756544","1.40166517860716","-0.0806406293968297"
"279","US-ARM","CRO","36.6058","-97.4888","BMA","0.703549144615179","1.45536156837551","2.51524691259081e-05"
"280","US-GLE","ENF","41.3665","-106.2399","VPM","0.759978471729974","1.34688136246098","-0.204466444919832"
"281","US-GLE","ENF","41.3665","-106.2399","GLO_PEM","0.753444705687978","1.34155351069362","-0.15374309917721"
"282","US-GLE","ENF","41.3665","-106.2399","EC_LUE","0.79969987879277","1.20054420890095","-0.124192972024654"
"283","US-GLE","ENF","41.3665","-106.2399","CHJ","0.714346014310374","1.53940387351241","0.225625635767898"
"284","US-GLE","ENF","41.3665","-106.2399","C_Fix","0.705219234925172","1.69775323229334","0.184913901217974"
"285","US-GLE","ENF","41.3665","-106.2399","MODIS","0.80281370340744","1.67006311980124","-0.377012752050979"
"286","US-GLE","ENF","41.3665","-106.2399","RF","0.860116051022221","0.979970626707386","0.00249811428865584"
"287","US-GLE","ENF","41.3665","-106.2399","SVM","0.867669747943984","0.956006204509877","-0.0236421576249299"
"288","US-GLE","ENF","41.3665","-106.2399","BMA","0.827139551874695","1.08863300434242","0.000977884992089149"
"289","US-Ha1","DBF","42.5378","-72.1715","VPM","0.830922285542501","2.44222557313325","0.0896515166874793"
"290","US-Ha1","DBF","42.5378","-72.1715","GLO_PEM","0.728448128988644","2.81137465429471","-0.0828171120033902"
"291","US-Ha1","DBF","42.5378","-72.1715","EC_LUE","0.545922978081215","3.87126857945915","-0.134311559572282"
"292","US-Ha1","DBF","42.5378","-72.1715","CHJ","0.668196286670186","8.34404140717136","1.43081595060031"
"293","US-Ha1","DBF","42.5378","-72.1715","C_Fix","0.802783306210694","4.92988141559978","0.582890431860905"
"294","US-Ha1","DBF","42.5378","-72.1715","MODIS","0.766104934534649","3.07753192018168","-0.207703753270415"
"295","US-Ha1","DBF","42.5378","-72.1715","RF","0.887805730223323","1.78566248170367","0.00159879770745043"
"296","US-Ha1","DBF","42.5378","-72.1715","SVM","0.882291727107118","1.83890279235474","-0.0344678089844154"
"297","US-Ha1","DBF","42.5378","-72.1715","BMA","0.867189706683882","1.93877647277485","0.000699066721686246"
"298","US-IB2","GRA","41.8406","-88.241","VPM","0.776579225826883","2.22268872396381","0.0567296786623794"
"299","US-IB2","GRA","41.8406","-88.241","GLO_PEM","0.800639733616379","2.70367298483177","0.285565142413894"
"300","US-IB2","GRA","41.8406","-88.241","EC_LUE","0.822299551279834","2.7586482374596","0.323642396895923"
"301","US-IB2","GRA","41.8406","-88.241","CHJ","0.666457389344774","3.20897393293414","0.533196858321568"
"302","US-IB2","GRA","41.8406","-88.241","C_Fix","0.755594441677578","6.34120343715625","1.0647910470395"
"303","US-IB2","GRA","41.8406","-88.241","MODIS","0.794554941511643","2.110881512135","-0.14192706923613"
"304","US-IB2","GRA","41.8406","-88.241","RF","0.884851122606478","1.44607741973502","0.000241407724761334"
"305","US-IB2","GRA","41.8406","-88.241","SVM","0.890028261942503","1.41177782092948","-0.0055486668639293"
"306","US-IB2","GRA","41.8406","-88.241","BMA","0.846723289887732","1.67128805598738","0.000888673965935263"
"307","US-Me2","ENF","44.4523","-121.5574","VPM","0.551593457398082","2.51392489458684","-0.0924836093526483"
"308","US-Me2","ENF","44.4523","-121.5574","GLO_PEM","0.60462796195237","2.61611103033097","-0.02794185311696"
"309","US-Me2","ENF","44.4523","-121.5574","EC_LUE","0.699006351024738","1.98834991760309","-0.21298334339183"
"310","US-Me2","ENF","44.4523","-121.5574","CHJ","0.332201285957718","2.81374236670937","0.105433978249591"
"311","US-Me2","ENF","44.4523","-121.5574","C_Fix","0.495003792759522","5.30489747283735","0.487158213194458"
"312","US-Me2","ENF","44.4523","-121.5574","MODIS","0.73038303708911","1.81587423948024","-0.259468216662653"
"313","US-Me2","ENF","44.4523","-121.5574","RF","0.84459329395931","1.0521941953201","0.000970798867427249"
"314","US-Me2","ENF","44.4523","-121.5574","SVM","0.850167593858145","1.03202866905926","-0.00679326401321686"
"315","US-Me2","ENF","44.4523","-121.5574","BMA","0.745829780478904","1.34187725367493","0.000631597834951859"
"316","US-MMS","DBF","39.3232","-86.4131","VPM","0.811764449574807","2.74360074312841","0.202711464623781"
"317","US-MMS","DBF","39.3232","-86.4131","GLO_PEM","0.794471295912494","2.79152817293606","0.218115464920673"
"318","US-MMS","DBF","39.3232","-86.4131","EC_LUE","0.863207746565575","3.00895991011236","0.308630718847947"
"319","US-MMS","DBF","39.3232","-86.4131","CHJ","0.649692277769644","6.0537366647068","1.05160507409812"
"320","US-MMS","DBF","39.3232","-86.4131","C_Fix","0.779282418646225","6.99036029656701","1.0000521336175"
"321","US-MMS","DBF","39.3232","-86.4131","MODIS","0.67069130588024","3.16861212647329","-0.116259066901578"
"322","US-MMS","DBF","39.3232","-86.4131","RF","0.918413648583802","1.51403057511712","0.00312348547367982"
"323","US-MMS","DBF","39.3232","-86.4131","SVM","0.920281499562973","1.49682884878346","-0.00953555149507038"
"324","US-MMS","DBF","39.3232","-86.4131","BMA","0.897410665984584","1.69567377370944","-0.000264363073061681"
"325","US-Ne1","CRO","41.1651","-96.4766","VPM","0.91414396600471","3.90072097112605","-0.267946416720586"
"326","US-Ne1","CRO","41.1651","-96.4766","GLO_PEM","0.889498645290022","3.16087621890857","-0.0470823608191518"
"327","US-Ne1","CRO","41.1651","-96.4766","EC_LUE","0.905928708259089","3.19803374631042","-0.109474581195967"
"328","US-Ne1","CRO","41.1651","-96.4766","CHJ","0.677137202716709","6.27487835380346","0.901630306440886"
"329","US-Ne1","CRO","41.1651","-96.4766","C_Fix","0.808760123499925","4.7473039560216","0.586024984467197"
"330","US-Ne1","CRO","41.1651","-96.4766","MODIS","0.711993730525375","6.58240078768453","-0.50847164498551"
"331","US-Ne1","CRO","41.1651","-96.4766","RF","0.953962984225137","1.72779263829383","0.00011735233088722"
"332","US-Ne1","CRO","41.1651","-96.4766","SVM","0.956823198346206","1.67612902109325","0.0194618650387718"
"333","US-Ne1","CRO","41.1651","-96.4766","BMA","0.937257445437537","2.01771411429579","9.62881526423261e-05"
"334","US-Ne2","CRO","41.1649","-96.4701","VPM","0.87030745381312","3.36990552935219","-0.194466893621968"
"335","US-Ne2","CRO","41.1649","-96.4701","GLO_PEM","0.82696554504332","3.08916655378565","0.0642328060605596"
"336","US-Ne2","CRO","41.1649","-96.4701","EC_LUE","0.859033705786227","2.94505691239228","-0.0328826995156516"
"337","US-Ne2","CRO","41.1649","-96.4701","CHJ","0.643084808345176","6.44748473349843","1.1550682638553"
"338","US-Ne2","CRO","41.1649","-96.4701","C_Fix","0.760898071296681","5.48106232880224","0.804953387446842"
"339","US-Ne2","CRO","41.1649","-96.4701","MODIS","0.713255384938335","5.69551455636699","-0.460581505286947"
"340","US-Ne2","CRO","41.1649","-96.4701","RF","0.920568677715789","2.03856005680056","-0.00134034582944418"
"341","US-Ne2","CRO","41.1649","-96.4701","SVM","0.92429954506976","1.98795674763","0.0116839979691954"
"342","US-Ne2","CRO","41.1649","-96.4701","BMA","0.911218600898589","2.14665179617991","0.000582758619853756"
"343","US-Ne3","CRO","41.1797","-96.4397","VPM","0.836765690139531","3.08962093115734","-0.117184626628964"
"344","US-Ne3","CRO","41.1797","-96.4397","GLO_PEM","0.815015310540166","2.88772026984152","0.204479633297418"
"345","US-Ne3","CRO","41.1797","-96.4397","EC_LUE","0.859307297076984","2.56142363130761","0.0588992029549691"
"346","US-Ne3","CRO","41.1797","-96.4397","CHJ","0.603605136215786","6.16364075300274","1.23141435020105"
"347","US-Ne3","CRO","41.1797","-96.4397","C_Fix","0.705905762150432","6.00470188318669","1.05421925472873"
"348","US-Ne3","CRO","41.1797","-96.4397","MODIS","0.633569379589998","5.01738526298188","-0.360601373909059"
"349","US-Ne3","CRO","41.1797","-96.4397","RF","0.914756686479876","1.89551862523929","0.00308078628327243"
"350","US-Ne3","CRO","41.1797","-96.4397","SVM","0.923893764170788","1.79862639581431","-0.0236200643116391"
"351","US-Ne3","CRO","41.1797","-96.4397","BMA","0.895941690052507","2.09023863810434","0.000821958277017025"
"352","US-NR1","ENF","40.0329","-105.5464","VPM","0.741521165434458","1.95716837328021","0.231057957856464"
"353","US-NR1","ENF","40.0329","-105.5464","GLO_PEM","0.76661992351567","2.00914508149612","0.251319921331844"
"354","US-NR1","ENF","40.0329","-105.5464","EC_LUE","0.797059863325408","1.95963745245803","0.308330447302896"
"355","US-NR1","ENF","40.0329","-105.5464","CHJ","0.736237732816777","1.83776691082992","0.347907843133506"
"356","US-NR1","ENF","40.0329","-105.5464","C_Fix","0.687645130509328","3.69794606216486","0.867295171530301"
"357","US-NR1","ENF","40.0329","-105.5464","MODIS","0.868576510813446","0.962671448843248","0.0501368052811082"
"358","US-NR1","ENF","40.0329","-105.5464","RF","0.865330002902131","0.962594977819612","0.00196981512427013"
"359","US-NR1","ENF","40.0329","-105.5464","SVM","0.862327776789201","0.973695655218202","-0.0181370047136173"
"360","US-NR1","ENF","40.0329","-105.5464","BMA","0.819197565507142","1.11756404072419","0.000507973567003552"
"361","US-Oho","DBF","41.5545","-83.8438","VPM","0.839203188452418","2.58078480009381","0.126823421219832"
"362","US-Oho","DBF","41.5545","-83.8438","GLO_PEM","0.851847039686382","2.50951336836929","0.162594880595788"
"363","US-Oho","DBF","41.5545","-83.8438","EC_LUE","0.910103530435136","2.79896327714053","0.24349123613019"
"364","US-Oho","DBF","41.5545","-83.8438","CHJ","0.657331648208201","5.89227508908337","0.887197760258171"
"365","US-Oho","DBF","41.5545","-83.8438","C_Fix","0.823242647308927","5.7234418497148","0.694010136913238"
"366","US-Oho","DBF","41.5545","-83.8438","MODIS","0.76977556401131","2.93412208111016","-0.139325092073191"
"367","US-Oho","DBF","41.5545","-83.8438","RF","0.94769776635763","1.26481348352332","0.0034710426079343"
"368","US-Oho","DBF","41.5545","-83.8438","SVM","0.947516419537295","1.26856320091421","-0.00338844542264303"
"369","US-Oho","DBF","41.5545","-83.8438","BMA","0.923849606665621","1.5255578878848","0.000342623685091886"
"370","US-SRM","WSA","31.8214","-110.8661","VPM","0.64405867711079","2.48597404806919","2.36769180201361"
"371","US-SRM","WSA","31.8214","-110.8661","GLO_PEM","0.770280448361579","1.67787651222388","1.71593093294058"
"372","US-SRM","WSA","31.8214","-110.8661","EC_LUE","0.825703994997776","0.915695392596442","0.595309124710788"
"373","US-SRM","WSA","31.8214","-110.8661","CHJ","0.308320255213731","5.24830817025865","5.91458649847187"
"374","US-SRM","WSA","31.8214","-110.8661","C_Fix","0.584728641033623","3.63200779882841","3.705082580977"
"375","US-SRM","WSA","31.8214","-110.8661","MODIS","0.452321020587668","1.03415105303422","0.0484002485438115"
"376","US-SRM","WSA","31.8214","-110.8661","RF","0.880562088249408","0.437787841627626","-0.00404357956484887"
"377","US-SRM","WSA","31.8214","-110.8661","SVM","0.876242954164309","0.446636588218466","-0.0355203310338768"
"378","US-SRM","WSA","31.8214","-110.8661","BMA","0.840486945163469","0.504677675294134","-2.81188820794608e-05"
"379","US-Ton","WSA","38.4309","-120.966","VPM","0.408678004789975","3.1834269307085","0.74883855193648"
"380","US-Ton","WSA","38.4309","-120.966","GLO_PEM","0.604713348828353","2.01012218754799","0.501477618493911"
"381","US-Ton","WSA","38.4309","-120.966","EC_LUE","0.748693144611449","1.31212275790182","0.060424208725819"
"382","US-Ton","WSA","38.4309","-120.966","CHJ","0.191513633197147","5.98800393823597","2.16379205719014"
"383","US-Ton","WSA","38.4309","-120.966","C_Fix","0.404108633709016","5.47034987306811","1.61921939679478"
"384","US-Ton","WSA","38.4309","-120.966","MODIS","0.720606178638531","1.11050210026124","0.0663820422043377"
"385","US-Ton","WSA","38.4309","-120.966","RF","0.822778412536751","0.875152006587136","4.41152606727824e-05"
"386","US-Ton","WSA","38.4309","-120.966","SVM","0.830762423154553","0.856876217909597","-0.0114350321148393"
"387","US-Ton","WSA","38.4309","-120.966","BMA","0.767129459983146","1.00008755439222","-0.000692964824900445"
"388","US-UMB","DBF","45.5598","-84.7138","VPM","0.880229216405785","2.37251904034781","0.226365308299022"
"389","US-UMB","DBF","45.5598","-84.7138","GLO_PEM","0.88209205214209","2.53074646820197","0.283740460441814"
"390","US-UMB","DBF","45.5598","-84.7138","EC_LUE","0.895303093110275","2.1805168281952","0.194155937600557"
"391","US-UMB","DBF","45.5598","-84.7138","CHJ","0.741656638542659","4.12426058777192","0.777914433569646"
"392","US-UMB","DBF","45.5598","-84.7138","C_Fix","0.846984386717245","5.84801084255361","0.869422825309436"
"393","US-UMB","DBF","45.5598","-84.7138","MODIS","0.87823316601771","2.07058753463535","0.283583752190828"
"394","US-UMB","DBF","45.5598","-84.7138","RF","0.940446923648273","1.11732973506238","0.000458365227185006"
"395","US-UMB","DBF","45.5598","-84.7138","SVM","0.947773758983531","1.05027710861251","0.00386972791098261"
"396","US-UMB","DBF","45.5598","-84.7138","BMA","0.928268244372407","1.22920519418063","0.000731512327562729"
"397","US-Var","GRA","38.4133","-120.9508","VPM","0.186508399809612","3.92409026073343","1.23546524142369"
"398","US-Var","GRA","38.4133","-120.9508","GLO_PEM","0.428667326056158","3.05149949131284","1.09729130785385"
"399","US-Var","GRA","38.4133","-120.9508","EC_LUE","0.819469936466469","2.13257187283649","0.577278585317014"
"400","US-Var","GRA","38.4133","-120.9508","CHJ","0.0399328578621249","5.19384868417294","2.29587311805106"
"401","US-Var","GRA","38.4133","-120.9508","C_Fix","0.202439421120564","7.19340499191969","3.09102985672035"
"402","US-Var","GRA","38.4133","-120.9508","MODIS","0.58603722717883","2.17740545775674","0.616828601037071"
"403","US-Var","GRA","38.4133","-120.9508","RF","0.90195663499725","0.9091838467176","-0.00247233705573748"
"404","US-Var","GRA","38.4133","-120.9508","SVM","0.901381891532997","0.89901348468188","-0.0191402311682977"
"405","US-Var","GRA","38.4133","-120.9508","BMA","0.850093839724282","1.11476501637162","-0.000386343266584697"
"406","US-Wkg","GRA","31.7365","-109.9419","VPM","0.269850012481449","1.98698825585533","2.16102243680875"
"407","US-Wkg","GRA","31.7365","-109.9419","GLO_PEM","0.425227725775362","1.248285871568","1.33839637432552"
"408","US-Wkg","GRA","31.7365","-109.9419","EC_LUE","0.731136762969494","0.589904155811739","-0.0171780711561434"
"409","US-Wkg","GRA","31.7365","-109.9419","CHJ","0.164600766954516","4.74111816228579","6.63950821434496"
"410","US-Wkg","GRA","31.7365","-109.9419","C_Fix","0.26572156540278","2.88392955138046","3.59018061197908"
"411","US-Wkg","GRA","31.7365","-109.9419","MODIS","0.467392501565709","0.856717935462312","0.0206750315834748"
"412","US-Wkg","GRA","31.7365","-109.9419","RF","0.756200792859984","0.536402618350633","0.00452094931975935"
"413","US-Wkg","GRA","31.7365","-109.9419","SVM","0.757657508610744","0.531990316257865","-0.0345549513467867"
"414","US-Wkg","GRA","31.7365","-109.9419","BMA","0.731150815781382","0.560646156579313","0.00113027718793849"
"415","AT-Neu","GRA","47.1167","11.3175","VPM","0.676531230097537","3.98486229227535","-0.4250422841426"
"416","AT-Neu","GRA","47.1167","11.3175","GLO_PEM","0.649488614950872","4.01542780476205","-0.409578750933607"
"417","AT-Neu","GRA","47.1167","11.3175","EC_LUE","0.695361947746586","3.35632273298638","-0.245913651155304"
"418","AT-Neu","GRA","47.1167","11.3175","CHJ","0.708074711524376","3.56135762544585","0.273110587060078"
"419","AT-Neu","GRA","47.1167","11.3175","C_Fix","0.629248652494912","4.03090503933519","0.00175000151004367"
"420","AT-Neu","GRA","47.1167","11.3175","MODIS","0.642486617111084","5.25154932125319","-0.620506539716526"
"421","AT-Neu","GRA","47.1167","11.3175","RF","0.81381870631943","2.36293330781272","0.000103577409862575"
"422","AT-Neu","GRA","47.1167","11.3175","SVM","0.823366277947513","2.30425971223717","0.000941211086320149"
"423","AT-Neu","GRA","47.1167","11.3175","BMA","0.786485932811231","2.53456593711311","-0.000534779161290267"
"424","AU-How","WSA","-12.4943","131.1523","VPM","0.029179973243775","3.04379172936796","0.28747775332852"
"425","AU-How","WSA","-12.4943","131.1523","GLO_PEM","0.303767867286187","3.14327255247869","0.44351589958817"
"426","AU-How","WSA","-12.4943","131.1523","EC_LUE","0.509976290555765","2.70342257852292","0.354564439423479"
"427","AU-How","WSA","-12.4943","131.1523","CHJ","0.487266270013332","5.54390477785794","0.987927469115784"
"428","AU-How","WSA","-12.4943","131.1523","C_Fix","0.029276037023375","5.38419911065478","0.842067857668258"
"429","AU-How","WSA","-12.4943","131.1523","MODIS","0.131962666373947","2.68479648405361","-0.27575449822156"
"430","AU-How","WSA","-12.4943","131.1523","RF","0.775248019956895","1.05120410396398","0.00299011225103125"
"431","AU-How","WSA","-12.4943","131.1523","SVM","0.786443580381462","1.02523693055253","-0.0166527351267057"
"432","AU-How","WSA","-12.4943","131.1523","BMA","0.71912846598218","1.17100115334277","0.0009882751764435"
"433","AU-Tum","EBF","-35.6566","148.1517","VPM","0.622654285177719","3.73170652977277","-0.277557022739823"
"434","AU-Tum","EBF","-35.6566","148.1517","GLO_PEM","0.59681710389412","3.73587994140924","-0.245311186481064"
"435","AU-Tum","EBF","-35.6566","148.1517","EC_LUE","0.637110743308884","3.57778952793963","-0.0954679264389797"
"436","AU-Tum","EBF","-35.6566","148.1517","CHJ","0.436636112195862","2.7968286795218","-0.00186592454555771"
"437","AU-Tum","EBF","-35.6566","148.1517","C_Fix","0.575927422578657","5.93293875706899","0.153867447393607"
"438","AU-Tum","EBF","-35.6566","148.1517","MODIS","0.407444839102514","3.17686180634962","-0.196390218265446"
"439","AU-Tum","EBF","-35.6566","148.1517","RF","0.779408464877152","1.56205261460215","0.000150906226711064"
"440","AU-Tum","EBF","-35.6566","148.1517","SVM","0.785404528901678","1.54112002192063","-0.00332450556193071"
"441","AU-Tum","EBF","-35.6566","148.1517","BMA","0.66469199255856","1.92579983443263","-4.36541328823615e-05"
"442","BE-Bra","MF","51.3076","4.5198","VPM","0.731393191211992","3.01107428854786","0.216165854065815"
"443","BE-Bra","MF","51.3076","4.5198","GLO_PEM","0.760894624936546","2.04737449942266","0.0596557188958212"
"444","BE-Bra","MF","51.3076","4.5198","EC_LUE","0.794730710541659","1.65942219769259","-0.193280791520801"
"445","BE-Bra","MF","51.3076","4.5198","CHJ","0.500288645817549","5.71964236043763","1.30404148816081"
"446","BE-Bra","MF","51.3076","4.5198","C_Fix","0.684036479353615","4.82757818136511","0.537587697520678"
"447","BE-Bra","MF","51.3076","4.5198","MODIS","0.662241504645705","1.89875743571249","-0.0495208889480303"
"448","BE-Bra","MF","51.3076","4.5198","RF","0.869207239094026","1.14061414906635","0.00309183867012391"
"449","BE-Bra","MF","51.3076","4.5198","SVM","0.869205825008187","1.13885945599669","-0.00117939625035866"
"450","BE-Bra","MF","51.3076","4.5198","BMA","0.830551917373551","1.29697134084189","0.000859756083566964"
"451","BE-Lon","CRO","50.5516","4.7462","VPM","0.480367769428631","4.25498964975725","-0.294163414757319"
"452","BE-Lon","CRO","50.5516","4.7462","GLO_PEM","0.471360870836546","4.37007335610736","-0.325771238916299"
"453","BE-Lon","CRO","50.5516","4.7462","EC_LUE","0.554900409683754","3.84323047132645","-0.174184596261475"
"454","BE-Lon","CRO","50.5516","4.7462","CHJ","0.327487033598986","8.35119115123265","1.66027536867849"
"455","BE-Lon","CRO","50.5516","4.7462","C_Fix","0.426125719455012","4.81339805277802","0.272791655254101"
"456","BE-Lon","CRO","50.5516","4.7462","MODIS","0.442204680166223","4.6057990407147","-0.323761018120773"
"457","BE-Lon","CRO","50.5516","4.7462","RF","0.675182162724704","3.21500807259552","0.00360283284537123"
"458","BE-Lon","CRO","50.5516","4.7462","SVM","0.671554318775906","3.25070518205811","-0.0876870001546848"
"459","BE-Lon","CRO","50.5516","4.7462","BMA","0.627003089495638","3.44079472843317","0.00201231516826589"
"460","BE-Vie","MF","50.3049","5.9981","VPM","0.692201101439705","2.6766768297883","-0.220016008695827"
"461","BE-Vie","MF","50.3049","5.9981","GLO_PEM","0.695998429875708","2.69724983075718","-0.31320677545941"
"462","BE-Vie","MF","50.3049","5.9981","EC_LUE","0.740831360241993","2.84664219432538","-0.401306182087973"
"463","BE-Vie","MF","50.3049","5.9981","CHJ","0.573912763307408","5.94118549363816","0.981658135157407"
"464","BE-Vie","MF","50.3049","5.9981","C_Fix","0.624279294556664","3.42345727393939","-0.0275115914859079"
"465","BE-Vie","MF","50.3049","5.9981","MODIS","0.689572870118925","2.87735533327262","-0.350692908891339"
"466","BE-Vie","MF","50.3049","5.9981","RF","0.866021285432649","1.45365942960233","0.000453020152362237"
"467","BE-Vie","MF","50.3049","5.9981","SVM","0.862758287866302","1.47907995504911","-0.0222834046553414"
"468","BE-Vie","MF","50.3049","5.9981","BMA","0.784231076616425","1.84295967083391","0.000174249894088103"
"469","CA-Gro","MF","48.2167","-82.1556","VPM","0.819191612499965","2.41035976291245","0.195535465843883"
"470","CA-Gro","MF","48.2167","-82.1556","GLO_PEM","0.830118157177583","2.08295923014715","0.128896154496951"
"471","CA-Gro","MF","48.2167","-82.1556","EC_LUE","0.857815113971086","1.86641291891125","0.0877030842434127"
"472","CA-Gro","MF","48.2167","-82.1556","CHJ","0.728787291873941","4.22524815976244","0.905858727401876"
"473","CA-Gro","MF","48.2167","-82.1556","C_Fix","0.737669970354681","4.87250718411544","0.666959553967411"
"474","CA-Gro","MF","48.2167","-82.1556","MODIS","0.858808607689362","1.42741845839345","-0.0940905717765146"
"475","CA-Gro","MF","48.2167","-82.1556","RF","0.918722466383357","1.06238606466635","0.00114537993326223"
"476","CA-Gro","MF","48.2167","-82.1556","SVM","0.926767607129819","1.00970835431799","0.00506078149163173"
"477","CA-Gro","MF","48.2167","-82.1556","BMA","0.906489138848891","1.14039945632652","-0.000248554540049917"
"478","CA-Oas","DBF","53.6289","-106.1978","VPM","0.866889942006446","1.79843176865257","0.0653447646444505"
"479","CA-Oas","DBF","53.6289","-106.1978","GLO_PEM","0.863656572394236","2.16082123106295","0.205072375879053"
"480","CA-Oas","DBF","53.6289","-106.1978","EC_LUE","0.883527129142644","2.52592831942373","0.277316891271555"
"481","CA-Oas","DBF","53.6289","-106.1978","CHJ","0.760526677384695","3.24650903605798","0.640260997107646"
"482","CA-Oas","DBF","53.6289","-106.1978","C_Fix","0.800886404678743","4.4034000995491","0.653058053577255"
"483","CA-Oas","DBF","53.6289","-106.1978","MODIS","0.857076000181294","2.13942035615216","-0.164145604862142"
"484","CA-Oas","DBF","53.6289","-106.1978","RF","0.945245570279575","1.08174740680584","-0.00086188477734562"
"485","CA-Oas","DBF","53.6289","-106.1978","SVM","0.958898044696532","0.940002202656385","0.0148014548397414"
"486","CA-Oas","DBF","53.6289","-106.1978","BMA","0.939814362907539","1.13670811121353","-0.000749304806082736"
"487","CA-Obs","ENF","53.9872","-105.1178","VPM","0.786448449814292","1.55536836292964","0.0701012447067041"
"488","CA-Obs","ENF","53.9872","-105.1178","GLO_PEM","0.807047368319308","1.49895413600035","0.0736984039253392"
"489","CA-Obs","ENF","53.9872","-105.1178","EC_LUE","0.865482391913181","1.02203998342182","-0.0717724171258015"
"490","CA-Obs","ENF","53.9872","-105.1178","CHJ","0.82195051126154","1.82386115470954","0.446461763223472"
"491","CA-Obs","ENF","53.9872","-105.1178","C_Fix","0.717929589977491","3.79148052266729","0.717075265495879"
"492","CA-Obs","ENF","53.9872","-105.1178","MODIS","0.857676823978251","1.01961276986797","-0.0457042156073524"
"493","CA-Obs","ENF","53.9872","-105.1178","RF","0.918048421737481","0.769187814923124","0.00351290430177473"
"494","CA-Obs","ENF","53.9872","-105.1178","SVM","0.91912094714873","0.768265761692503","-0.00935902823977529"
"495","CA-Obs","ENF","53.9872","-105.1178","BMA","0.900958330027895","0.846195992266838","-0.000104493002197991"
"496","CA-Qfo","ENF","49.6925","-74.3421","VPM","0.720765522383159","1.63460620715409","0.15834045846819"
"497","CA-Qfo","ENF","49.6925","-74.3421","GLO_PEM","0.7508669809932","1.525766161245","0.140454438245924"
"498","CA-Qfo","ENF","49.6925","-74.3421","EC_LUE","0.830088949338832","0.926757622574282","-0.0610248381845129"
"499","CA-Qfo","ENF","49.6925","-74.3421","CHJ","0.772520439627729","1.47198469760768","0.412080541688374"
"500","CA-Qfo","ENF","49.6925","-74.3421","C_Fix","0.658252764863042","3.64394956467921","0.86336178688846"
"501","CA-Qfo","ENF","49.6925","-74.3421","MODIS","0.765069829118444","1.20086770283745","0.23894009024673"
"502","CA-Qfo","ENF","49.6925","-74.3421","RF","0.899477299011942","0.685020426505731","0.00601572020902316"
"503","CA-Qfo","ENF","49.6925","-74.3421","SVM","0.900908310476498","0.681240798613792","-0.00303853943658958"
"504","CA-Qfo","ENF","49.6925","-74.3421","BMA","0.869598924126806","0.781180040394574","0.000641432199012739"
